"","intrcpt","inveGFR","DiabetesYes","lnUACR","inveGFR:lnUACR"
"intrcpt",0.543366818051082,-18.1893460524857,0.00377486608187762,-0.114710892870498,3.79593534984737
"inveGFR",-18.1893460524857,672.957878995151,-0.172983726979189,3.81958089077906,-139.228879383638
"DiabetesYes",0.00377486608187762,-0.172983726979189,0.0106667861636641,-0.00225941973210274,0.0396669535476465
"lnUACR",-0.114710892870498,3.81958089077906,-0.00225941973210274,0.0256576034716525,-0.837569414471096
"inveGFR:lnUACR",3.79593534984737,-139.228879383638,0.0396669535476465,-0.837569414471096,30.2172943663083
