"","intrcpt","inveGFR","DiabetesYes","lnUACR","inveGFR:lnUACR","DiabetesYes:lnUACR"
"intrcpt",1.02780850365705,-27.4985529872329,-0.271856838641503,-0.207058935756228,5.48996037428084,0.0547330026235126
"inveGFR",-27.4985529872329,969.211750801085,0.874811436119829,5.48888683843496,-192.844178271698,-0.142976100810267
"DiabetesYes",-0.271856838641503,0.874811436119829,0.369103745362313,0.0546742787490961,-0.140829214442401,-0.0746089560743202
"lnUACR",-0.207058935756228,5.48888683843496,0.0546742787490961,0.0435393891179381,-1.14353524890281,-0.0114609760651621
"inveGFR:lnUACR",5.48996037428084,-192.844178271698,-0.140829214442401,-1.14353524890281,40.0266491842208,0.0217611101904556
"DiabetesYes:lnUACR",0.0547330026235126,-0.142976100810267,-0.0746089560743202,-0.0114609760651621,0.0217611101904556,0.0157140491113149
