"","intrcpt","inveGFR","DiabetesYes","lnUACR"
"intrcpt",0.154899198597633,-1.33239548711687,-0.00216134015592155,-0.021573468016781
"inveGFR",-1.33239548711687,37.3629899094704,0.0110186199111266,0.0394847375893671
"DiabetesYes",-0.00216134015592155,0.0110186199111266,0.0112712672915787,-0.000985059875283764
"lnUACR",-0.021573468016781,0.0394847375893671,-0.000985059875283764,0.00408222126628826
